username,times_accessed,created,last_login
racialforearm,14,2016-05-31,2018-12-08 01:06:38.870926
carnotcarded,91,2015-09-28,2018-11-14 11:23:07.870945
criticismgooey,122,2016-04-11,2018-11-13 05:29:45.870958
sowsefloating,99,2014-12-28,2018-11-21 10:27:01.870969
gardendecay,69,2018-10-01,2018-11-27 05:43:05.870981
summersideprance,101,2018-03-09,2018-11-13 03:00:51.870993
causedwhale,56,2017-11-03,2018-12-11 03:24:07.871004
simplifystymphalist,53,2017-03-05,2018-12-10 06:55:37.871016
doubtprank,70,2017-12-24,2018-11-18 05:09:31.871027
bodrellfoam,16,2015-09-28,2018-11-28 12:26:11.871039
hexnode,36,2018-08-07,2018-11-24 03:23:40.871051
unbeatencimarron,74,2015-09-02,2018-11-23 10:51:32.871064
boisterousslush,86,2015-10-19,2018-11-25 22:38:15.871076
slushystiff,123,2015-08-11,2018-12-05 14:19:43.871090
outfielderexcitement,76,2015-05-11,2018-11-24 17:07:27.871102
anaerobicaxis,83,2018-07-19,2018-11-30 02:32:37.871115
eelluckless,39,2017-11-12,2018-11-24 14:28:51.871129
blendersybase,76,2015-08-17,2018-11-29 08:16:32.871143
possessivemeaning,114,2018-04-25,2018-11-13 01:22:28.871161
aussiposture,113,2018-09-13,2018-11-30 21:11:14.871182
modernlobley,12,2016-06-14,2018-12-03 09:15:04.871200
simplifyempty,91,2018-06-15,2018-12-10 06:57:30.871226
eldoradopapyrus,45,2015-04-29,2018-11-18 11:52:21.871315
linguiniboard,15,2017-09-08,2018-11-27 14:14:28.871379
yaftyflunch,43,2017-12-14,2018-11-22 04:41:05.871399
vaultingblow,56,2016-05-21,2018-12-05 01:20:32.871420
auctionappears,115,2016-05-29,2018-11-17 04:34:35.871450
flyingcrown,2,2016-06-19,2018-11-16 11:58:22.871483
paneltheology,30,2018-06-01,2018-12-09 18:43:28.871512
busilyoverstep,117,2017-06-21,2018-11-17 00:01:10.871546
satiablevaliant,123,2017-11-11,2018-11-15 15:33:28.871575
slabhasty,63,2018-10-03,2018-11-27 05:16:27.871609
hunterhurry,45,2015-04-05,2018-12-08 13:44:02.871659
bootylowley,47,2016-11-02,2018-12-10 02:25:17.871723
skatehamilton,50,2015-10-16,2018-11-24 01:37:03.871789
bulphpinhook,100,2017-05-20,2018-11-30 20:34:18.871848
filmparalyses,107,2015-11-09,2018-12-01 11:45:29.871992
tikiharelaw,24,2016-06-03,2018-12-07 16:11:46.872133
whoopingcapsule,64,2017-02-15,2018-12-04 16:58:26.872208
cinemaafar,78,2016-10-28,2018-12-07 16:48:30.872247
radiusbibesy,2,2018-02-05,2018-11-23 17:33:20.872283
spacersrecall,67,2017-12-31,2018-11-22 20:03:13.872319
saltedpotassium,27,2016-05-28,2018-11-30 04:15:37.872355
kerfufflerecolor,58,2015-02-14,2018-12-05 03:38:51.872383
remorsefulaphelion,24,2018-02-07,2018-12-02 17:33:38.872414
frederictonbelinda,123,2015-12-02,2018-12-08 15:00:53.872447
moltfragment,74,2016-10-09,2018-11-24 10:03:28.872480
teoproblems,42,2015-09-28,2018-11-28 21:13:40.872513
sphericalbee,22,2017-03-24,2018-11-21 00:20:34.872549
soulfulstrength,104,2017-12-17,2018-11-18 21:39:56.872580
hodgeraymond,10,2015-12-14,2018-12-07 12:39:24.872611
refuseangel,35,2018-10-30,2018-12-10 02:53:05.872624
bespawlerdrove,35,2016-03-04,2018-11-14 03:44:51.872635
cavitytroubling,94,2017-12-17,2018-12-03 01:44:35.872647
vastvitreous,68,2015-06-20,2018-12-06 10:28:50.872658
discolorboastful,83,2017-02-01,2018-11-30 22:31:30.872669
needtry,96,2015-08-19,2018-12-08 13:58:16.872682
objectnumerous,123,2018-03-10,2018-11-18 11:08:09.872694
abrasionfrugally,39,2018-02-05,2018-11-19 15:54:36.872705
woubletutton,55,2015-01-16,2018-11-29 20:20:56.872718
fencemickness,51,2017-06-23,2018-11-23 06:40:42.872729
acquiremotley,74,2017-05-30,2018-12-11 16:34:52.872740
teethingbad,90,2016-01-20,2018-11-14 03:22:56.872751
equivocalskier,110,2017-09-03,2018-11-29 11:15:16.872762
robinschoolbook,85,2017-03-06,2018-11-18 12:32:31.872773
gravymorleena,112,2015-09-04,2018-12-06 21:01:14.872784
pogotriangulum,115,2018-03-28,2018-12-02 01:30:58.872796
avatarbattle,8,2015-06-24,2018-12-01 15:09:45.872807
videoace,24,2015-08-25,2018-11-28 21:29:14.872818
boxingchief,76,2017-11-13,2018-11-21 15:48:30.872829
unbrokenteeming,76,2018-06-10,2018-12-01 02:24:44.872840
kilogramfaucet,120,2017-04-13,2018-11-27 13:32:21.872851
suratsherbrooke,47,2015-03-17,2018-11-24 17:14:48.872862
operatebullhorn,124,2018-07-19,2018-11-22 14:24:26.872877
unscrewinghinds,56,2016-01-14,2018-11-30 16:29:26.872888
dickahead,3,2018-08-21,2018-11-26 04:48:36.872898
hoffeedesktop,2,2016-07-06,2018-11-13 02:57:50.872909
rockedcylinder,5,2017-11-28,2018-11-26 06:19:14.872920
bevanwapiti,46,2015-12-29,2018-12-04 01:57:22.872931
nuptialsstinging,32,2015-05-01,2018-11-20 16:19:01.872942
bootsoblongata,18,2018-07-14,2018-12-09 16:32:11.872953
lollygagtessy,82,2016-06-20,2018-12-03 03:42:21.872964
dauntingcarve,92,2016-06-21,2018-11-30 05:07:39.872976
warksmagenta,46,2018-09-11,2018-11-24 02:26:46.872987
rutcolonize,19,2015-10-18,2018-11-21 05:48:43.873004
hippersfamelicose,81,2018-06-19,2018-11-13 12:03:08.873022
honestunlocking,95,2016-06-21,2018-11-29 09:54:55.873039
accidentalfail,13,2018-02-06,2018-12-07 05:04:23.873051
lunarpagan,64,2016-09-22,2018-11-23 11:06:10.873063
ceefdatebook,81,2016-04-10,2018-11-23 22:54:04.873077
swungtopeka,28,2017-09-16,2018-11-23 20:23:42.873090
jollyspud,82,2015-08-25,2018-11-26 19:08:57.873102
mouthguardbrigadier,13,2016-06-18,2018-11-23 06:26:33.873115
jaspertottom,106,2016-08-21,2018-11-13 17:44:38.873127
quiltseptum,34,2015-10-11,2018-12-01 00:48:48.873140
londonwant,0,2018-01-10,2018-11-29 07:11:38.873151
quotationdeflector,111,2018-09-03,2018-11-27 09:40:29.873163
letterslot,116,2015-03-13,2018-11-13 15:24:16.873174
appledinghy,61,2015-08-02,2018-12-07 12:35:37.873186
regulatorbittersweet,72,2018-02-16,2018-11-26 05:57:53.873197
oxdrained,0,2016-06-20,2018-11-13 02:33:33.873209
machriemoondance,90,2016-09-11,2018-12-03 01:44:31.873222
thirsttox,34,2018-07-18,2018-11-19 06:03:44.873235
clicktender,16,2017-10-26,2018-12-08 07:26:10.873247
atlanticboyz,91,2017-01-04,2018-12-03 18:32:23.873260
innocentshingles,20,2018-05-12,2018-12-01 03:36:58.873272
ambivalentunplowed,34,2015-03-19,2018-12-11 03:27:33.873283
fiddleagain,91,2014-11-22,2018-11-30 00:01:15.873297
emceediamond,79,2017-07-24,2018-11-19 03:34:45.873310
oatbiodiesel,46,2015-11-14,2018-12-06 15:22:00.873322
radishacrux,97,2018-09-02,2018-11-24 12:36:17.873334
violindame,81,2016-01-23,2018-12-07 14:42:49.873346
loggertipalt,14,2015-05-26,2018-11-21 00:15:38.873357
vocationeel,69,2016-02-28,2018-11-21 13:29:17.873370
warkenedditzy,27,2015-11-14,2018-11-15 15:44:47.873382
rustlejiji,3,2016-05-01,2018-12-11 06:11:13.873403
agendapyongyang,88,2016-04-04,2018-12-05 11:44:37.873426
finnagargle,90,2017-11-20,2018-12-02 20:56:30.873449
ritecaspect,82,2016-03-12,2018-12-05 06:08:33.873467
delayiroquois,53,2018-01-04,2018-12-02 22:49:54.873487
renegadefrench,53,2015-07-21,2018-11-19 21:10:46.873506
oriontrophy,88,2016-12-27,2018-12-01 14:03:06.873523
vitalizeoperator,114,2016-03-18,2018-11-29 13:14:57.873543
fishingsort,84,2018-04-05,2018-11-18 02:00:05.873564
gulletfrancis,100,2016-08-12,2018-12-08 06:13:49.873585
matrixjournalist,17,2016-10-16,2018-11-29 10:13:34.873605
competentamargosa,123,2016-01-06,2018-11-23 11:26:53.873624
badgesbumf,32,2015-09-15,2018-11-28 07:21:20.873643
spiderrabbitsfoot,25,2018-04-16,2018-11-18 15:49:50.873662
mirrorspecify,64,2018-09-27,2018-12-03 17:30:49.873682
governessracehorse,46,2017-11-21,2018-12-08 21:12:49.873701
greaseerror,70,2015-08-16,2018-12-02 11:39:50.873722
stringactivity,71,2016-11-30,2018-12-03 04:47:39.873743
volumesturkey,67,2018-08-20,2018-12-03 06:13:34.873763
mixtapeblutting,40,2017-06-05,2018-11-22 10:44:20.873783
leftsediment,95,2017-02-10,2018-11-27 05:36:49.873796
assuredcordial,2,2015-02-24,2018-12-02 07:42:33.873808
goosanderbacking,1,2016-09-28,2018-11-18 05:30:18.873824
hurryvines,73,2017-09-23,2018-11-16 14:01:55.873840
everyonetrainer,23,2015-01-12,2018-11-19 00:54:58.873852
josephpaced,60,2016-03-14,2018-11-27 06:40:57.873863
gnomishaseptic,82,2016-05-09,2018-11-29 06:58:42.873874
chesterplow,54,2015-07-01,2018-12-01 10:09:52.873885
appearedfinishing,87,2017-06-03,2018-11-17 02:00:45.873896
designedcivil,30,2018-09-30,2018-12-06 22:43:06.873907
berwynwhiteadder,41,2018-09-29,2018-11-30 15:41:56.873918
numptysand,92,2018-05-02,2018-11-23 16:32:40.873929
franksplash,80,2016-01-14,2018-12-02 04:25:22.873940
maltyinferometry,76,2016-02-16,2018-11-30 00:43:47.873952
chuffersecluding,98,2016-02-14,2018-12-09 15:45:52.873965
footingcry,114,2017-12-18,2018-11-26 02:38:17.873976
litigatemarvelous,84,2016-02-14,2018-11-18 13:55:02.873987
brinkambulance,90,2016-02-22,2018-12-06 01:54:38.873998
femalebrazen,42,2017-09-26,2018-11-21 19:29:22.874009
curlyarchean,80,2017-09-06,2018-12-10 14:21:46.874021
pesterprivate,110,2017-04-11,2018-12-04 17:03:58.874032
wrenrawfish,16,2017-02-25,2018-12-09 12:30:07.874043
producedrudge,65,2018-05-07,2018-12-02 03:13:06.874054
logicalbuddy,66,2016-11-03,2018-11-15 00:53:38.874066
coniclenticular,16,2015-05-20,2018-11-16 22:17:35.874078
pintowindows,86,2018-03-20,2018-12-01 20:38:29.874089
chixribbit,81,2016-04-22,2018-11-22 05:31:16.874100
greeterfatso,39,2017-07-13,2018-12-07 01:11:53.874115
richray,98,2016-01-27,2018-11-30 08:55:17.874131
graffitigugs,109,2015-08-13,2018-12-07 03:04:48.874142
levelonly,14,2016-08-07,2018-11-22 05:23:05.874154
outpourcloset,26,2018-07-16,2018-11-20 08:54:28.874165
businesscomic,19,2015-07-05,2018-12-05 20:44:35.874176
fonbirewrist,4,2015-01-24,2018-12-10 18:11:29.874187
pastillafinance,118,2018-07-24,2018-11-23 20:50:53.874198
motionlessbeamer,98,2016-09-20,2018-11-25 17:41:55.874209
rutlandbaptop,40,2018-10-23,2018-11-14 10:25:28.874220
heavilytackle,75,2017-11-18,2018-12-01 18:20:31.874232
shortyverisopht,83,2016-04-16,2018-11-13 14:39:20.874243
exactchingy,10,2018-04-11,2018-11-15 20:53:10.874255
methodschollop,46,2016-10-22,2018-12-03 19:58:46.874266
tacklingprint,46,2014-12-09,2018-12-06 17:55:17.874277
eyeballsincubate,23,2017-07-24,2018-11-24 21:01:33.874288
magnesiumthundery,98,2016-11-26,2018-11-20 17:01:10.874299
activistconan,66,2015-07-11,2018-12-02 05:20:26.874310
bundevaraequal,52,2017-10-09,2018-11-26 21:27:28.874321
sweatitalics,57,2015-01-22,2018-12-10 14:04:22.874332
urgingsacramento,52,2016-05-09,2018-11-21 16:05:22.874343
lynebarbreck,68,2016-07-08,2018-11-20 07:28:27.874354
secularpresence,105,2017-07-18,2018-12-10 02:16:34.874365
archansushi,53,2014-12-01,2018-12-10 15:24:50.874376
veganshocked,10,2016-04-20,2018-11-21 01:46:24.874387
cupidsold,47,2017-08-17,2018-11-14 22:06:22.874399
humbleajax,115,2017-09-30,2018-11-17 09:26:46.874410
studentstheft,123,2015-05-23,2018-11-23 04:13:52.874421
salempushpin,101,2016-03-15,2018-12-02 22:12:31.874433
versussymmetry,10,2018-08-03,2018-12-04 00:24:32.874444
compressregular,61,2017-11-18,2018-11-29 02:41:54.874455
fiveheritage,61,2014-11-30,2018-11-13 11:18:14.874466
requestwhair,9,2015-01-20,2018-11-24 11:20:51.874477
puzzledchafe,8,2015-09-15,2018-11-23 08:00:21.874488
legalmacaw,114,2015-01-03,2018-11-30 04:29:32.874499
lillytengmalm,68,2016-08-05,2018-12-02 19:23:45.874510
glassveteran,19,2017-03-28,2018-11-27 03:49:44.874521
vacuumporpoise,63,2015-12-11,2018-11-30 14:34:32.874533
unashamedelevator,65,2016-03-22,2018-12-11 21:09:57.874544
kickstandrupert,36,2018-07-29,2018-12-07 08:16:47.874555
opacitybuddy,124,2015-04-11,2018-11-14 08:06:29.874566
drivableescape,33,2014-12-15,2018-12-06 03:25:08.874577
roboticdramatic,24,2018-02-27,2018-12-05 05:52:57.874588
tidymillie,122,2018-03-18,2018-12-05 16:27:42.874599
arborealvaulting,61,2018-10-20,2018-11-16 05:03:00.874610
salvationvirus,25,2017-03-21,2018-11-24 15:31:22.874621
mandrillpamphlet,79,2017-03-27,2018-11-16 18:05:57.874632
dairycasimir,9,2017-11-09,2018-12-11 00:52:05.874643
puddingsking,116,2015-12-27,2018-11-22 05:38:13.874655
requestwarkened,108,2017-09-08,2018-12-10 07:19:30.874666
alleghenyadda,100,2014-12-24,2018-11-24 03:34:13.874677
uncorkragged,72,2016-10-04,2018-11-14 06:10:21.874702
movestony,70,2014-12-27,2018-11-22 16:43:55.874713
taperingway,11,2018-06-02,2018-12-05 22:02:25.874725
troupendothermic,114,2016-01-16,2018-11-17 20:05:00.874736
unfeelingsciences,49,2015-12-24,2018-11-29 12:00:17.874748
darkroommagnet,88,2015-03-23,2018-11-30 21:29:20.874760
kingstondome,119,2016-08-12,2018-11-18 06:38:09.874771
hyenathesis,24,2017-07-14,2018-11-28 06:29:25.874782
ovalguess,83,2015-09-04,2018-12-10 21:37:29.874793
simplisticboogieman,34,2016-12-28,2018-11-21 19:20:46.874805
curlewdood,16,2017-02-03,2018-12-05 12:55:33.874816
qianginner,105,2017-01-08,2018-12-08 00:02:44.874827
quizzicalmalvern,109,2015-01-21,2018-12-09 05:30:31.874838
calculateunwilling,59,2016-09-29,2018-12-11 08:14:41.874849
flawedbilled,98,2018-09-14,2018-12-04 03:01:17.874860
fertileschool,69,2016-02-24,2018-12-02 12:57:46.874871
mutalrookery,43,2018-07-21,2018-12-02 14:09:03.874882
jeepburp,41,2018-04-18,2018-12-11 19:40:56.874893
venaticipymmes,36,2016-02-14,2018-11-26 10:44:56.874904
locusepilepsy,113,2018-09-19,2018-12-07 12:26:24.874916
duffelcarry,49,2015-06-13,2018-12-09 22:45:45.874927
willowbartender,25,2018-05-17,2018-12-01 09:09:14.874938
punchwall,19,2016-06-08,2018-11-28 15:04:03.874950
viewlesscamping,28,2016-04-07,2018-12-05 03:06:41.874961
objectskyrocket,79,2015-10-22,2018-11-26 03:54:55.874972
curablegradient,43,2018-07-22,2018-11-13 03:50:18.874983
crageducated,57,2018-04-22,2018-12-04 19:28:53.874994
nuttyannabell,31,2015-12-12,2018-12-10 00:20:04.875006
savorcape,16,2014-12-18,2018-11-23 15:51:52.875017
kindlingxyloid,119,2016-07-12,2018-11-14 21:26:22.875029
landlessdrynoch,107,2016-06-22,2018-11-28 13:55:58.875040
pelvishumped,38,2015-04-01,2018-11-25 07:29:35.875051
burlycheesecloth,123,2017-04-16,2018-11-24 16:13:10.875062
supersetjunkie,34,2015-09-21,2018-11-29 09:20:44.875074
strakefrarched,34,2017-11-05,2018-12-05 00:18:13.875084
beakprove,5,2015-05-28,2018-11-18 03:11:53.875095
bitwiseunwary,47,2018-06-09,2018-11-18 02:50:19.875107
islamstemson,14,2017-05-21,2018-11-17 01:04:19.875118
skippyclaypole,52,2018-08-01,2018-12-01 06:11:58.875129
belovedswept,31,2014-12-25,2018-12-07 04:23:45.875140
acousticgullible,73,2017-01-22,2018-11-16 22:43:24.875151
levenjingles,22,2015-07-02,2018-11-13 04:12:51.875162
patriarchfearful,8,2017-12-14,2018-11-24 03:17:42.875173
preferencefarnack,36,2015-04-15,2018-11-17 06:47:11.875184
inboxengagement,93,2017-01-17,2018-12-02 12:31:49.875196
craftworknarnish,49,2018-07-25,2018-11-28 00:30:26.875206
saddlehaddock,68,2018-03-25,2018-12-07 13:54:10.875218
mediumsnowman,37,2016-07-24,2018-11-23 14:09:08.875229
tacocostly,77,2016-05-07,2018-12-09 15:31:32.875241
editorflamboyant,4,2017-01-22,2018-11-26 20:48:28.875251
propertycawn,49,2015-11-03,2018-11-19 19:08:30.875263
enunciatethat,48,2018-01-16,2018-11-16 08:36:52.875274
pouldyvillage,29,2017-08-24,2018-11-20 16:17:14.875285
azaleauptake,72,2018-10-31,2018-12-11 17:26:10.875296
geldinggeorgia,7,2015-08-13,2018-11-14 07:03:12.875307
donatedaudience,53,2015-09-08,2018-12-07 17:22:53.875318
saltybooze,70,2016-12-24,2018-12-03 14:36:05.875329
knightemblematic,55,2016-10-01,2018-12-09 16:55:14.875340
sladderyperoxide,110,2017-03-29,2018-12-08 09:27:37.875351
girdletwitch,39,2017-12-03,2018-12-06 10:24:38.875363
guangzhoustage,7,2016-12-11,2018-12-05 02:04:22.875374
wheeringchowder,20,2018-08-21,2018-11-29 04:13:10.875385
blazerache,26,2015-02-22,2018-11-26 03:47:50.875396
economylinx,90,2016-04-10,2018-11-17 01:52:13.875407
spidslutting,85,2017-08-18,2018-11-13 13:53:30.875419
sharebpel,118,2015-03-13,2018-11-25 04:08:12.875430
shieldchump,87,2015-08-30,2018-11-24 21:22:17.875441
taekwondokerry,104,2017-08-05,2018-11-21 11:33:40.875452
scorerviscosity,65,2015-03-11,2018-11-14 01:17:09.875464
elephantguidable,6,2016-09-17,2018-11-26 19:42:08.875475
gaiterstapestry,48,2017-10-06,2018-12-06 18:38:47.875486
tresillianblinkered,40,2016-09-05,2018-12-11 11:49:20.875497
crateunsalted,66,2016-11-06,2018-11-20 18:54:51.875508
hibiscusdeltoid,43,2017-05-14,2018-12-05 16:23:28.875519
ballasterpetticoat,34,2016-05-16,2018-12-09 01:18:28.875530
wordypure,96,2018-04-09,2018-11-23 22:40:27.875541
commotionpegboard,88,2017-10-24,2018-12-06 00:39:08.875552
caponkalio,104,2018-06-27,2018-11-29 13:19:22.875563
hodgkinshower,76,2016-11-14,2018-11-23 13:15:51.875575
kittysmith,21,2018-09-07,2018-12-04 18:41:08.875585
corneaprocurer,0,2016-02-28,2018-12-02 10:25:29.875597
saladilmenite,42,2016-11-12,2018-12-02 08:33:24.875608
ritzyprints,4,2017-01-23,2018-11-21 02:18:21.875619
crushericecream,45,2015-06-28,2018-12-08 00:44:35.875630
tacithorden,109,2016-02-26,2018-11-25 22:29:02.875641
unstoppednuzzle,16,2016-10-30,2018-11-24 07:23:25.875652
slingshotpopper,66,2015-04-28,2018-11-19 09:30:17.875663
acredame,78,2015-10-03,2018-11-16 02:14:44.875674
kungunlocking,114,2015-12-29,2018-12-02 01:58:21.875685
blimppaddle,77,2016-02-07,2018-11-16 02:54:42.875696
mettledmadison,103,2017-01-25,2018-11-24 19:55:37.875707
lunchboxusway,14,2015-12-24,2018-11-27 16:22:48.875718
lengthsword,84,2016-05-13,2018-11-17 14:44:29.875729
squatteralatna,74,2016-08-24,2018-11-25 18:58:20.875740
practicalmoorhen,52,2015-10-31,2018-11-13 22:42:35.875751
domregexp,96,2016-12-24,2018-11-27 13:41:06.875762
vertebraeflummox,15,2017-01-27,2018-11-17 03:16:44.875773
vacantpurchase,123,2015-04-14,2018-12-06 13:53:07.875784
entrustfrown,36,2015-01-09,2018-11-17 03:16:39.875796
pantreading,63,2016-07-07,2018-11-13 18:35:10.875807
twiddlequote,45,2016-04-27,2018-11-15 17:03:45.875818
bitingpartners,43,2018-06-09,2018-11-29 14:53:21.875829
muscaflypaper,113,2017-08-18,2018-11-28 05:41:30.875841
ubiquitypewter,60,2017-11-07,2018-11-19 12:37:41.875852
leverswickfield,112,2017-01-27,2018-11-15 13:39:29.875863
backtalkdevotion,16,2015-10-29,2018-11-25 11:43:19.875875
pimneycountry,59,2015-12-26,2018-11-28 10:55:04.875886
certaintyage,65,2017-12-03,2018-12-07 17:42:04.875897
gridleyneon,57,2018-07-11,2018-12-10 22:23:02.875908
verbalizeglade,72,2015-02-08,2018-11-27 12:44:51.875919
sdraughtspeculate,80,2016-04-10,2018-12-02 22:18:19.875930
bunionlancome,53,2018-04-13,2018-11-29 05:03:47.875941
projectorcomments,99,2017-07-20,2018-11-14 09:19:37.875952
exitwing,54,2015-12-21,2018-12-10 10:02:49.875963
sludgeshaggy,72,2017-02-03,2018-11-13 13:12:00.875974
shetlandconnectdevelop,72,2017-06-21,2018-12-08 17:17:02.875985
fiberglassreshoot,116,2018-10-22,2018-12-09 09:30:22.875996
placesyodel,21,2015-04-30,2018-11-15 08:53:54.876007
longfordstinking,98,2015-11-11,2018-12-06 12:51:49.876018
syringesboxer,70,2016-01-12,2018-11-13 07:17:57.876029
unbittenhumbing,0,2016-09-14,2018-11-27 11:39:01.876041
hutobjective,92,2018-10-23,2018-11-14 06:15:58.876051
mutualben,57,2015-02-22,2018-11-25 15:49:03.876063
pagerebenezer,26,2018-01-05,2018-11-22 10:20:30.876074
harnessimaging,76,2015-01-25,2018-11-21 21:12:44.876085
diabloexact,116,2016-12-19,2018-11-14 12:33:41.876096
bowllimelight,36,2014-12-14,2018-11-18 10:20:23.876107
modethaging,69,2015-08-05,2018-12-03 11:36:56.876118
stuffcrawling,14,2017-05-24,2018-12-05 04:23:57.876129
abroadcompression,78,2015-01-07,2018-11-15 18:00:26.876140
catchoveract,58,2018-11-05,2018-11-19 12:23:33.876151
rowdyscariness,43,2018-02-20,2018-11-18 02:50:40.876162
pushcartbomping,94,2018-07-21,2018-11-28 02:32:46.876173
jazzcare,27,2018-01-21,2018-11-26 12:00:40.876184
struggagehurler,52,2018-11-08,2018-11-29 17:08:41.876195
indouble,27,2015-12-24,2018-11-25 17:17:10.876206
theiastagnate,108,2018-08-03,2018-12-07 12:58:18.876222
cystsoverfull,1,2016-05-26,2018-11-26 07:57:06.876234
pooschedule,12,2018-10-25,2018-12-11 19:55:36.876245
lorgillitalic,90,2017-03-20,2018-12-04 09:10:39.876256
ladderembassy,70,2016-06-16,2018-11-17 08:00:16.876267
squealingfatigue,5,2018-07-27,2018-12-08 08:28:00.876278
crackitdonate,9,2017-02-03,2018-12-06 03:32:50.876289
mingemelody,69,2014-11-18,2018-11-30 21:17:15.876300
johnnodules,77,2015-11-01,2018-11-29 10:56:49.876311
breezytrickle,113,2016-08-16,2018-12-07 05:49:05.876323
speecheffluvium,97,2016-01-16,2018-12-06 22:41:51.876334
turbotbickled,53,2017-11-27,2018-12-10 15:11:14.876345
grapetider,44,2018-05-21,2018-11-28 02:45:48.876356
pensionjungee,95,2018-02-21,2018-12-04 00:33:42.876367
pastelined,26,2016-09-30,2018-11-19 12:58:06.876378
hiccupsfeigned,120,2015-07-30,2018-12-09 07:39:41.876389
maggothallowed,59,2017-04-26,2018-11-18 09:54:04.876404
sipjealous,77,2016-02-09,2018-11-13 15:01:11.876424
velaendurable,79,2014-12-06,2018-12-08 20:25:58.876437
harpistinsano,88,2018-05-14,2018-12-10 18:51:48.876448
dummytiger,113,2018-01-11,2018-11-24 13:44:18.876459
indianapolisstadium,61,2016-03-09,2018-11-29 13:38:19.876470
ratsbaneniner,55,2016-10-16,2018-11-28 20:49:23.876481
toysyellowish,1,2015-08-15,2018-12-10 17:33:55.876493
affiliateunderwear,97,2016-06-17,2018-11-18 01:15:37.876503
evolveeldorado,23,2014-12-04,2018-11-15 09:26:09.876515
reducedresponsibility,21,2015-05-04,2018-12-11 03:05:14.876526
harmonypulp,53,2015-07-05,2018-11-28 09:36:20.876537
alongsidetillsonburg,114,2017-02-09,2018-11-19 08:09:18.876548
signorbirdie,100,2017-01-23,2018-12-06 17:23:49.876559
umbrellapassionate,19,2017-01-05,2018-11-17 15:08:44.876570
jazzsnickers,123,2014-12-01,2018-11-16 07:02:19.876581
keptergot,56,2017-11-16,2018-12-05 00:49:54.876592
novarecast,92,2016-05-22,2018-12-02 13:05:07.876603
chemistryavocado,99,2014-11-13,2018-11-21 22:12:06.876614
unrobedcatching,3,2017-04-13,2018-11-27 14:48:25.876625
tensionwalla,90,2017-09-24,2018-11-23 00:09:40.876636
bapstrucker,71,2018-07-16,2018-12-04 03:54:42.876647
afocaleon,63,2015-12-12,2018-11-26 19:34:06.876658
soggytrumpet,114,2018-10-18,2018-11-26 22:22:30.876669
appetizerfads,61,2016-01-01,2018-12-08 21:41:01.876680
positronillusion,80,2016-11-24,2018-11-14 18:25:14.876691
citricshooly,31,2015-11-05,2018-11-30 09:09:57.876702
canadianbook,21,2017-09-13,2018-12-07 22:31:34.876714
turntdeception,48,2015-03-03,2018-12-05 02:56:56.876725
oftooden,53,2018-03-09,2018-12-06 18:23:18.876736
zitbeach,52,2016-12-13,2018-11-21 11:49:27.876747
hatoperating,28,2018-11-12,2018-12-03 15:24:37.876758
shrugdependable,106,2015-05-11,2018-12-06 17:16:28.876769
rugthreatened,82,2018-01-22,2018-11-14 15:30:32.876780
davidtwisted,56,2016-08-07,2018-11-28 13:42:40.876793
lokenhoist,53,2016-02-08,2018-11-18 05:04:45.876804
landmarkambulance,13,2015-10-05,2018-12-03 04:58:16.876815
lanthanumfiftieth,52,2016-08-29,2018-11-13 06:23:24.876826
pestledollar,31,2016-03-02,2018-12-07 18:11:18.876837
blushswin,88,2018-02-17,2018-12-09 06:09:48.876848
optimisticresurface,62,2017-09-04,2018-12-02 22:08:43.876859
interestsulphur,123,2018-09-15,2018-11-27 19:10:36.876870
wroughtgas,95,2017-07-09,2018-11-13 19:43:28.876882
sweatdash,19,2016-04-10,2018-12-10 13:08:14.876893
georgianahistory,100,2016-10-12,2018-11-29 06:50:54.876904
applicationaffidavit,90,2015-01-04,2018-11-24 16:38:34.876915
southharpist,79,2016-08-24,2018-11-24 11:11:48.876926
premiumskimmed,11,2017-04-22,2018-12-10 12:19:29.876937
equalwheelchair,28,2015-06-05,2018-11-26 00:47:35.876948
puttdowdle,40,2016-02-23,2018-11-23 07:13:43.876959
camanchiobligate,69,2018-10-16,2018-11-29 19:45:17.876970
rejoiceseal,34,2018-07-10,2018-11-28 01:54:14.876982
clangbloat,8,2018-09-02,2018-11-18 07:29:53.876993
eithergaping,69,2015-08-30,2018-11-30 15:26:41.877004
doughyshy,75,2018-06-01,2018-11-18 17:11:12.877017
dangerrock,47,2016-08-21,2018-11-26 16:36:48.877028
letbanging,18,2016-08-23,2018-12-01 15:13:02.877040
unglovedunshaved,38,2017-02-13,2018-11-18 10:55:38.877051
spacebeer,36,2017-08-30,2018-12-05 17:48:49.877062
sitesearchleech,41,2017-03-30,2018-12-05 14:07:02.877073
gargeryhardpan,66,2015-08-18,2018-11-28 17:22:29.877084
hannahpassion,20,2017-09-15,2018-11-24 03:12:30.877095
sendangling,75,2015-11-29,2018-11-17 04:56:43.877106
shakilymonks,92,2018-05-03,2018-11-20 00:44:28.877117
spicafountain,44,2018-03-08,2018-12-04 06:10:31.877128
wildmonomial,57,2016-01-19,2018-12-05 09:28:50.877139
bridgegases,75,2014-11-19,2018-11-21 14:35:20.877150
chopsticksvisor,20,2018-03-23,2018-12-07 01:57:40.877161
chestscutum,97,2016-07-28,2018-11-17 21:22:40.877172
alleeentry,112,2016-09-04,2018-12-03 07:02:03.877183
doughypresser,40,2017-12-20,2018-12-03 06:08:44.877195
trowelspoiler,26,2017-02-14,2018-11-29 09:16:44.877206
fancydistorted,103,2016-11-05,2018-12-10 07:01:44.877217
turmoilumber,8,2016-06-03,2018-11-28 12:46:23.877228
atomgaseous,69,2018-03-29,2018-11-17 07:29:52.877239
urchindingbat,115,2018-07-27,2018-12-08 19:56:46.877250
lastanike,5,2018-02-11,2018-12-08 21:52:23.877261
dusterbacteria,65,2016-02-22,2018-11-26 12:54:45.877272
chicolateeleonora,5,2016-02-10,2018-11-15 11:39:47.877283
plugbirst,12,2015-02-04,2018-12-01 08:16:36.877295
wandpreferred,121,2016-01-17,2018-12-05 09:55:47.877306
troublebosun,14,2015-03-31,2018-11-20 22:52:16.877316
elsdonslipway,10,2016-04-25,2018-12-09 17:34:39.877327
outshootrumble,120,2015-12-25,2018-11-16 12:45:29.877339
sigmagrateful,103,2016-04-24,2018-12-08 06:38:01.877351
monitorspatronize,46,2015-05-12,2018-11-17 18:16:56.877362
amountwye,84,2016-06-09,2018-11-19 19:26:53.877374
drippyringtone,10,2015-09-23,2018-11-27 15:42:08.877385
bootsjoyous,25,2017-02-08,2018-11-19 03:51:50.877396
rummageemphatic,34,2017-03-24,2018-11-15 08:38:45.877407
activenecrosis,22,2018-04-12,2018-11-30 08:04:34.877419
heightstrategic,74,2018-09-08,2018-11-22 07:31:03.877430
brandyoctober,12,2014-12-09,2018-11-22 18:12:24.877441
gameytubes,7,2015-05-26,2018-12-11 02:14:50.877453
corralsamantha,35,2016-01-25,2018-11-18 11:06:28.877464
blacketasocial,58,2017-03-18,2018-12-02 05:49:42.877475
challahcheaton,8,2018-06-29,2018-11-29 13:31:22.877486
giftjellied,66,2018-10-08,2018-11-20 00:04:34.877497
raddecross,5,2018-05-01,2018-12-10 02:23:46.877508
cingerspoppy,1,2015-10-15,2018-11-26 19:24:08.877519
unscathedwandering,31,2017-01-20,2018-11-25 13:18:32.877530
grottedgift,89,2016-06-29,2018-11-18 16:18:16.877541
snewkesloaded,78,2015-10-11,2018-11-20 19:04:13.877553
clapwhunctured,105,2015-07-03,2018-11-21 06:49:14.877563
thusmoney,80,2018-06-16,2018-12-08 18:49:54.877574
ejectawealth,1,2017-10-03,2018-11-13 10:58:04.877585
cuticlescrap,99,2016-06-12,2018-11-29 12:21:43.877596
groundedroom,89,2017-09-21,2018-11-25 07:21:34.877608
unveiledfried,103,2017-11-08,2018-11-23 14:05:22.877619
headlampfuneral,35,2016-04-05,2018-11-23 22:30:31.877630
morphinedurtrees,43,2018-09-03,2018-12-06 18:21:37.877641
sidmarty,103,2018-02-22,2018-12-02 08:09:32.877652
smoothsyndrome,21,2015-07-28,2018-12-09 13:52:30.877663
happytimely,12,2018-10-18,2018-11-15 18:50:03.877674
beendizzy,45,2018-04-21,2018-12-02 07:29:39.877685
nerfhearderlackluster,110,2017-10-26,2018-12-03 04:08:06.877696
auctionnicotine,89,2017-06-26,2018-12-06 22:21:06.877707
magnitudeawkward,122,2016-10-09,2018-11-30 20:47:33.877718
mumpledchain,91,2017-12-29,2018-11-19 13:37:26.877729
rockliketrend,118,2018-09-05,2018-11-28 01:54:04.877740
boyflared,103,2017-01-09,2018-12-03 20:47:52.877751
quartileenthralled,67,2014-12-27,2018-11-16 00:55:28.877762
componentsmedicare,84,2017-02-15,2018-12-03 08:11:53.877773
cloakjoy,100,2018-03-02,2018-11-30 05:07:05.877784
hawfinchburp,67,2015-03-19,2018-12-03 11:56:50.877796
overtlyambulance,65,2015-03-03,2018-11-23 08:44:41.877807
bathbasis,57,2015-12-16,2018-12-02 00:50:33.877818
yaldsonelevating,110,2017-01-04,2018-11-22 07:39:20.877831
gravestreak,93,2017-03-03,2018-11-15 13:58:16.877843
floppydragster,78,2015-08-31,2018-12-04 11:28:07.877854
silentirrigate,108,2017-07-23,2018-12-01 14:33:31.877865
savannatekton,44,2015-03-26,2018-11-20 19:37:33.877877
recordkung,115,2015-11-16,2018-12-04 10:40:52.877888
lovablelewd,51,2017-01-07,2018-12-03 04:55:36.877899
linkedinthump,47,2015-06-06,2018-11-19 02:42:38.877911
andesmoldwarp,2,2015-01-25,2018-11-13 12:03:39.877922
zoologistkeep,79,2018-01-13,2018-11-28 18:56:22.877934
garnishrebel,13,2018-02-18,2018-11-13 00:13:42.877945
jadenbeta,110,2018-03-26,2018-12-06 11:09:58.877956
nicopark,59,2014-11-16,2018-11-21 05:28:08.877967
gatcombekalman,62,2018-01-09,2018-12-02 13:23:38.877978
oscillatorpawn,48,2018-03-18,2018-11-28 08:01:30.877989
hicnicquizzical,28,2018-05-24,2018-11-26 22:52:19.878001
kidderminstersimilarly,8,2017-11-18,2018-11-21 07:23:51.878012
fiftyanaconda,19,2017-12-24,2018-11-27 19:26:56.878023
perseusbondless,83,2015-06-09,2018-11-13 11:39:51.878034
filamentmortified,41,2016-10-04,2018-11-14 05:26:30.878045
outpostpobster,80,2017-03-26,2018-11-21 19:27:05.878056
coigachvixen,39,2018-01-01,2018-11-15 10:01:46.878068
occupationlatte,123,2016-07-12,2018-11-14 12:38:13.878086
logicaltap,63,2018-07-26,2018-11-27 06:47:35.878098
zygomaticfries,4,2016-04-02,2018-11-22 06:06:30.878109
nuggetdartford,30,2017-01-28,2018-11-25 12:06:01.878120
princessduckling,98,2015-06-04,2018-11-17 17:03:26.878131
excavatorjoker,29,2017-01-21,2018-11-23 06:35:56.878142
claragrouch,74,2015-05-25,2018-11-23 02:05:58.878156
seducewindy,124,2016-05-20,2018-11-14 21:46:15.878167
sophiewhey,114,2016-05-02,2018-11-14 00:40:52.878179
snowlessthose,51,2015-03-15,2018-12-01 22:29:30.878190
promendresser,73,2015-09-16,2018-11-23 05:45:31.878201
ariesturkish,105,2018-04-10,2018-11-28 18:19:15.878212
chewerfollowed,60,2018-07-28,2018-11-18 03:38:29.878223
wildfirehotel,60,2016-06-21,2018-11-29 20:34:38.878234
reflectedgreet,24,2017-05-29,2018-11-30 02:31:31.878246
sheepalwen,44,2017-08-12,2018-12-05 02:54:57.878257
teacherscrib,18,2018-09-19,2018-11-17 12:27:00.878268
humanistvoid,104,2018-01-15,2018-11-14 11:48:45.878279
thenbath,90,2018-11-03,2018-12-09 13:13:32.878290
posseladder,93,2015-04-14,2018-11-30 05:55:50.878302
rendererserve,15,2018-10-27,2018-11-28 04:09:21.878313
favoriteunique,96,2017-04-25,2018-12-01 13:32:28.878323
bloodedauk,52,2016-07-16,2018-11-23 19:27:49.878334
viralsloor,58,2016-01-16,2018-11-16 22:18:37.878346
romeomunchkin,52,2014-11-07,2018-11-25 10:42:24.878357
divinelypoppy,10,2015-08-21,2018-12-07 00:14:51.878368
waferfit,47,2016-01-21,2018-12-03 09:15:54.878379
semicolonream,66,2015-06-25,2018-11-28 10:35:09.878390
shelfcarve,2,2015-04-22,2018-11-23 10:21:45.878401
remembertoboggan,119,2018-02-12,2018-11-28 05:25:12.878413
hullabaloosorn,98,2018-09-06,2018-11-17 19:20:27.878424
identicalmalt,21,2016-08-07,2018-11-27 00:06:47.878435
hygiearolles,46,2017-10-16,2018-11-22 19:55:50.878446
eggbeaterpager,59,2018-10-01,2018-11-25 10:03:53.878458
centurypetunia,116,2016-12-25,2018-12-02 01:19:00.878469
expergefactorsmartness,79,2017-06-07,2018-11-18 21:18:42.878482
continuomiced,110,2018-11-04,2018-11-23 21:30:03.878494
plywoodtitan,66,2015-06-27,2018-12-11 11:45:30.878505
detailwashcloth,34,2018-07-30,2018-12-10 08:20:33.878516
lucieboing,106,2016-08-17,2018-12-07 15:31:55.878527
gendersglide,103,2016-09-16,2018-12-01 03:36:53.878538
tocksjot,100,2016-08-11,2018-11-18 14:56:14.878549
hencedamned,38,2015-02-07,2018-11-25 21:32:56.878560
tycoonriley,27,2016-02-21,2018-11-18 08:45:42.878572
deckyonkers,46,2015-04-05,2018-12-11 11:28:31.878583
gardengerbil,117,2015-09-04,2018-11-27 10:41:01.878594
engineeringbrails,91,2016-09-25,2018-11-28 11:30:32.878606
paternitylevers,64,2016-05-18,2018-11-15 06:21:30.878617
skidatom,124,2015-09-18,2018-11-30 16:19:02.878628
florencecopal,53,2017-06-25,2018-12-09 18:54:54.878639
levitateacts,66,2017-09-03,2018-11-24 11:05:31.878650
goslingskylight,59,2015-06-23,2018-11-22 13:21:34.878661
spiffybrazos,40,2017-09-10,2018-11-29 07:57:02.878672
shawlmarinated,124,2018-10-21,2018-11-30 10:50:11.878689
royalstray,87,2016-11-21,2018-12-09 15:03:58.878701
unseateddefective,24,2016-06-11,2018-11-29 00:04:44.878712
ipodstarboard,11,2016-03-07,2018-11-29 15:10:39.878725
unablesets,12,2018-01-23,2018-12-04 00:00:22.878738
degreemusic,54,2018-02-11,2018-11-13 08:41:44.878749
birdielosses,110,2017-03-03,2018-11-15 19:43:39.878761
easiertungadal,51,2017-06-07,2018-11-24 00:11:41.878772
spinetable,92,2017-12-08,2018-12-06 03:56:01.878783
matronbuttered,28,2017-12-28,2018-11-26 22:46:12.878794
fibroidspage,91,2015-11-18,2018-11-18 03:30:21.878805
microthong,24,2015-05-01,2018-11-27 20:47:26.878816
carbaton,68,2017-01-10,2018-12-08 02:00:11.878828
greenclapper,83,2017-07-29,2018-12-02 10:56:29.878839
collectedpolice,48,2018-09-08,2018-11-16 19:00:34.878850
banksysnuffy,76,2017-07-09,2018-11-17 03:58:13.878861
pelvisharrier,95,2018-10-21,2018-11-22 01:56:47.878872
trysailshush,10,2015-01-02,2018-11-14 20:51:42.878883
usesshoemaker,98,2017-10-02,2018-11-16 14:58:02.878894
extraditeflan,48,2016-01-28,2018-12-08 03:14:44.878905
headsetjokes,48,2016-01-26,2018-11-26 05:08:11.878917
acetoneyiddish,1,2016-06-04,2018-11-24 09:04:06.878928
nanosecondzestfully,87,2015-02-12,2018-12-07 05:02:48.878939
thrandalive,122,2017-03-01,2018-12-08 21:04:27.878950
heliumjeep,107,2015-01-28,2018-11-28 13:06:57.878962
numbnessnaden,43,2015-08-02,2018-11-24 17:20:11.878973
walkingchance,103,2017-08-12,2018-12-01 20:27:03.878984
lipcasing,58,2018-03-02,2018-11-16 20:44:20.878995
korkithole,119,2015-12-08,2018-11-21 16:44:07.879006
cohesiveapplied,79,2015-04-06,2018-12-03 11:03:16.879017
sapseaghost,82,2017-08-30,2018-11-15 05:56:46.879028
hampshireroman,64,2016-09-20,2018-11-18 17:28:24.879039
wharfbullfrog,102,2015-10-12,2018-11-28 03:32:34.879061
